cell	barcode
cluster1_cell1	TCCATGAACTTCGCCC
cluster1_cell2	AAAAAACAGGTGGGCC
cluster1_cell3	TTGGAGGGAACCCGCA
cluster1_cell4	TGCAATAAGGGCGCGC
cluster1_cell5	AGATTATGGCTTCCGC
cluster1_cell6	GGCTTGGTCTGGACTC
cluster1_cell7	GCAGTGACTCCCTTGC
cluster1_cell8	TTAGGGGGCCCGGAAA
cluster1_cell9	CTGTCTGAGATGCTCA
cluster1_cell10	GGGGCATCACGTGGAA
cluster2_cell2	CTAAGAAGTCTAAAAA
cluster2_cell6	GGCACCAGATAGTGTT
cluster2_cell3	TCCCAAAGCGGACAAT
cluster2_cell4	CAGTTCGTATCATATG
cluster2_cell5	TGATAGAGGGTACTCA
cluster2_cell10	GGCAGAGTCTTACTAT
cluster2_cell7	AGCTTGAAGTTGCATG
cluster2_cell8	GCACGTTCCCTTGTGG
cluster2_cell9	CACTAGCTCACATTCC
cluster2_cell1	AGCGGCCAGAGGAATG
